"density","infectioness","mortality","speed","step","infected"
0.9,0.9,1.4,1,0,0
0.9,0.9,1.4,1,1,5.83333333333333
0.9,0.9,1.4,1,2,9.9
0.9,0.9,1.4,1,3,12.9666666666667
0.9,0.9,1.4,1,4,15.4666666666667
0.9,0.9,1.4,1,5,19.2333333333333
0.9,0.9,1.4,1,6,27.6666666666667
0.9,0.9,1.4,1,7,39.7666666666667
0.9,0.9,1.4,1,8,53.4333333333333
0.9,0.9,1.4,1,9,66.4666666666667
0.9,0.9,1.4,1,10,78.6666666666667
0.9,0.9,1.4,1,11,94.9
0.9,0.9,1.4,1,12,112.9
0.9,0.9,1.4,1,13,133.266666666667
0.9,0.9,1.4,1,14,155.533333333333
0.9,0.9,1.4,1,15,181.133333333333
0.9,0.9,1.4,1,16,204.833333333333
0.9,0.9,1.4,1,17,231.633333333333
0.9,0.9,1.4,1,18,259.333333333333
0.9,0.9,1.4,1,19,290.233333333333
0.9,0.9,1.4,1,20,323.866666666667
0.9,0.9,1.4,1,21,358.966666666667
0.9,0.9,1.4,1,22,396.9
0.9,0.9,1.4,1,23,435.733333333333
0.9,0.9,1.4,1,24,474.666666666667
0.9,0.9,1.4,1,25,512.066666666667
0.9,0.9,1.4,1,26,555.7
0.9,0.9,1.4,1,27,600.2
0.9,0.9,1.4,1,28,648.7
0.9,0.9,1.4,1,29,693.633333333333
0.9,0.9,1.4,1,30,740.466666666667
0.9,0.9,1.4,1,31,783.833333333333
0.9,0.9,1.4,1,32,833.166666666667
0.9,0.9,1.4,1,33,879.9
0.9,0.9,1.4,1,34,927.066666666667
0.9,0.9,1.4,1,35,976.733333333333
0.9,0.9,1.4,1,36,1027.96666666667
0.9,0.9,1.4,1,37,1075.63333333333
0.9,0.9,1.4,1,38,1126.1
0.9,0.9,1.4,1,39,1176.96666666667
0.9,0.9,1.4,1,40,1223.6
0.9,0.9,1.4,1,41,1274.4
0.9,0.9,1.4,1,42,1327.06666666667
0.9,0.9,1.4,1,43,1377.06666666667
0.9,0.9,1.4,1,44,1428.16666666667
0.9,0.9,1.4,1,45,1481.8
0.9,0.9,1.4,1,46,1535.06666666667
0.9,0.9,1.4,1,47,1585.73333333333
0.9,0.9,1.4,1,48,1641.83333333333
0.9,0.9,1.4,1,49,1695.4
0.9,0.9,1.4,1,50,1749.86666666667
0.9,0.9,1.4,1,51,1803.43333333333
0.9,0.9,1.4,1,52,1858.2
0.9,0.9,1.4,1,53,1908.3
0.9,0.9,1.4,1,54,1952.6
0.9,0.9,1.4,1,55,2003.3
0.9,0.9,1.4,1,56,2048.7
0.9,0.9,1.4,1,57,2086.83333333333
0.9,0.9,1.4,1,58,2117.96666666667
0.9,0.9,1.4,1,59,2137.43333333333
0.9,0.9,1.4,1,60,2147.66666666667
0.9,0.9,1.4,1,61,2151.4
0.9,0.9,1.4,1,62,2145.7
0.9,0.9,1.4,1,63,2135.63333333333
0.9,0.9,1.4,1,64,2117.93333333333
0.9,0.9,1.4,1,65,2096.23333333333
0.9,0.9,1.4,1,66,2062.03333333333
0.9,0.9,1.4,1,67,2023
0.9,0.9,1.4,1,68,1979.1
0.9,0.9,1.4,1,69,1927.66666666667
0.9,0.9,1.4,1,70,1870.03333333333
0.9,0.9,1.4,1,71,1807.96666666667
0.9,0.9,1.4,1,72,1744.13333333333
0.9,0.9,1.4,1,73,1671.46666666667
0.9,0.9,1.4,1,74,1592.43333333333
0.9,0.9,1.4,1,75,1513.53333333333
0.9,0.9,1.4,1,76,1426.93333333333
0.9,0.9,1.4,1,77,1336.23333333333
0.9,0.9,1.4,1,78,1242.06666666667
0.9,0.9,1.4,1,79,1147.93333333333
0.9,0.9,1.4,1,80,1054.13333333333
0.9,0.9,1.4,1,81,957.166666666667
0.9,0.9,1.4,1,82,863.733333333333
0.9,0.9,1.4,1,83,775.633333333333
0.9,0.9,1.4,1,84,695.366666666667
0.9,0.9,1.4,1,85,619.1
0.9,0.9,1.4,1,86,550.5
0.9,0.9,1.4,1,87,489.666666666667
0.9,0.9,1.4,1,88,430.166666666667
0.9,0.9,1.4,1,89,374.366666666667
0.9,0.9,1.4,1,90,324.4
0.9,0.9,1.4,1,91,280
0.9,0.9,1.4,1,92,240.433333333333
0.9,0.9,1.4,1,93,205.566666666667
0.9,0.9,1.4,1,94,171.5
0.9,0.9,1.4,1,95,144.033333333333
0.9,0.9,1.4,1,96,117.766666666667
0.9,0.9,1.4,1,97,94.6666666666667
0.9,0.9,1.4,1,98,72.8333333333333
0.9,0.9,1.4,1,99,57.4
0.9,0.9,1.4,1,100,42.1333333333333
0.9,0.9,1.4,1,101,30.6333333333333
0.9,0.9,1.4,1,102,20.8666666666667
0.9,0.9,1.4,1,103,14.0333333333333
0.9,0.9,1.4,1,104,9.86666666666667
0.9,0.9,1.4,1,105,6.6
0.9,0.9,1.4,1,106,4.26666666666667
0.9,0.9,1.4,1,107,2.78571428571429
0.9,0.9,1.4,1,108,2.08
0.9,0.9,1.4,1,109,1.66666666666667
0.9,0.9,1.4,1,110,1.45
0.9,0.9,1.4,1,111,1.23529411764706
0.9,0.9,1.4,1,112,1.14285714285714
0.9,0.9,1.4,1,113,1
0.9,0.9,1.4,1,114,0.909090909090909
0.9,0.9,1.4,1,115,0.875
0.9,0.9,1.4,1,116,1.16666666666667
0.9,0.9,1.4,1,117,1
0.9,0.9,1.4,1,118,0.4
0.9,0.9,1.4,1,119,2
0.9,0.9,1.4,1,120,2
0.9,0.9,1.4,1,121,2
0.9,0.9,1.4,1,122,2
0.9,0.9,1.4,1,123,2
0.9,0.9,1.4,1,124,0
0.9,0.9,1.4,1.5,0,0
0.9,0.9,1.4,1.5,1,7.16666666666667
0.9,0.9,1.4,1.5,2,11.9666666666667
0.9,0.9,1.4,1.5,3,15.8
0.9,0.9,1.4,1.5,4,18.8666666666667
0.9,0.9,1.4,1.5,5,24.5666666666667
0.9,0.9,1.4,1.5,6,37.8666666666667
0.9,0.9,1.4,1.5,7,61.9666666666667
0.9,0.9,1.4,1.5,8,84.3333333333333
0.9,0.9,1.4,1.5,9,106.266666666667
0.9,0.9,1.4,1.5,10,130.533333333333
0.9,0.9,1.4,1.5,11,160.3
0.9,0.9,1.4,1.5,12,196.833333333333
0.9,0.9,1.4,1.5,13,235.4
0.9,0.9,1.4,1.5,14,278.466666666667
0.9,0.9,1.4,1.5,15,323.533333333333
0.9,0.9,1.4,1.5,16,372.366666666667
0.9,0.9,1.4,1.5,17,424.566666666667
0.9,0.9,1.4,1.5,18,485.066666666667
0.9,0.9,1.4,1.5,19,550.533333333333
0.9,0.9,1.4,1.5,20,618.033333333333
0.9,0.9,1.4,1.5,21,686.7
0.9,0.9,1.4,1.5,22,756.4
0.9,0.9,1.4,1.5,23,838.033333333333
0.9,0.9,1.4,1.5,24,928.833333333333
0.9,0.9,1.4,1.5,25,1018.83333333333
0.9,0.9,1.4,1.5,26,1104.73333333333
0.9,0.9,1.4,1.5,27,1198
0.9,0.9,1.4,1.5,28,1293.76666666667
0.9,0.9,1.4,1.5,29,1387.73333333333
0.9,0.9,1.4,1.5,30,1496.1
0.9,0.9,1.4,1.5,31,1602.1
0.9,0.9,1.4,1.5,32,1699.73333333333
0.9,0.9,1.4,1.5,33,1796.56666666667
0.9,0.9,1.4,1.5,34,1899.83333333333
0.9,0.9,1.4,1.5,35,2008.7
0.9,0.9,1.4,1.5,36,2117.36666666667
0.9,0.9,1.4,1.5,37,2228.13333333333
0.9,0.9,1.4,1.5,38,2333.06666666667
0.9,0.9,1.4,1.5,39,2433.33333333333
0.9,0.9,1.4,1.5,40,2522
0.9,0.9,1.4,1.5,41,2601.33333333333
0.9,0.9,1.4,1.5,42,2670.8
0.9,0.9,1.4,1.5,43,2717.93333333333
0.9,0.9,1.4,1.5,44,2749.23333333333
0.9,0.9,1.4,1.5,45,2767.43333333333
0.9,0.9,1.4,1.5,46,2776.8
0.9,0.9,1.4,1.5,47,2771.53333333333
0.9,0.9,1.4,1.5,48,2752.33333333333
0.9,0.9,1.4,1.5,49,2716.8
0.9,0.9,1.4,1.5,50,2670.03333333333
0.9,0.9,1.4,1.5,51,2616.53333333333
0.9,0.9,1.4,1.5,52,2550.83333333333
0.9,0.9,1.4,1.5,53,2472.46666666667
0.9,0.9,1.4,1.5,54,2387.73333333333
0.9,0.9,1.4,1.5,55,2287.8
0.9,0.9,1.4,1.5,56,2176.13333333333
0.9,0.9,1.4,1.5,57,2060.03333333333
0.9,0.9,1.4,1.5,58,1940.1
0.9,0.9,1.4,1.5,59,1818.06666666667
0.9,0.9,1.4,1.5,60,1687.7
0.9,0.9,1.4,1.5,61,1549.56666666667
0.9,0.9,1.4,1.5,62,1408.8
0.9,0.9,1.4,1.5,63,1263.9
0.9,0.9,1.4,1.5,64,1126.66666666667
0.9,0.9,1.4,1.5,65,990.366666666667
0.9,0.9,1.4,1.5,66,864.033333333333
0.9,0.9,1.4,1.5,67,743.766666666667
0.9,0.9,1.4,1.5,68,637.1
0.9,0.9,1.4,1.5,69,540.666666666667
0.9,0.9,1.4,1.5,70,451.7
0.9,0.9,1.4,1.5,71,371.666666666667
0.9,0.9,1.4,1.5,72,304.5
0.9,0.9,1.4,1.5,73,245.533333333333
0.9,0.9,1.4,1.5,74,193.533333333333
0.9,0.9,1.4,1.5,75,148.533333333333
0.9,0.9,1.4,1.5,76,108.3
0.9,0.9,1.4,1.5,77,78.2333333333333
0.9,0.9,1.4,1.5,78,55.9666666666667
0.9,0.9,1.4,1.5,79,36.6
0.9,0.9,1.4,1.5,80,24
0.9,0.9,1.4,1.5,81,15.5666666666667
0.9,0.9,1.4,1.5,82,10.2
0.9,0.9,1.4,1.5,83,6.9
0.9,0.9,1.4,1.5,84,5
0.9,0.9,1.4,1.5,85,4.07142857142857
0.9,0.9,1.4,1.5,86,2.96296296296296
0.9,0.9,1.4,1.5,87,2.5
0.9,0.9,1.4,1.5,88,2
0.9,0.9,1.4,1.5,89,1.30434782608696
0.9,0.9,1.4,1.5,90,1.27777777777778
0.9,0.9,1.4,1.5,91,0.928571428571429
0.9,0.9,1.4,1.5,92,0.833333333333333
0.9,0.9,1.4,1.5,93,0.777777777777778
0.9,0.9,1.4,1.5,94,1
0.9,0.9,1.4,1.5,95,1.2
0.9,0.9,1.4,1.5,96,0.4
0.9,0.9,1.4,1.5,97,0.5
0.9,0.9,1.4,1.5,98,1
0.9,0.9,1.4,1.5,99,0
0.9,0.9,1.4,2,0,0
0.9,0.9,1.4,2,1,6.26666666666667
0.9,0.9,1.4,2,2,10.7
0.9,0.9,1.4,2,3,15.2333333333333
0.9,0.9,1.4,2,4,19.8
0.9,0.9,1.4,2,5,26.1333333333333
0.9,0.9,1.4,2,6,41.9333333333333
0.9,0.9,1.4,2,7,66.4333333333333
0.9,0.9,1.4,2,8,96.4333333333333
0.9,0.9,1.4,2,9,131.433333333333
0.9,0.9,1.4,2,10,169.9
0.9,0.9,1.4,2,11,212.6
0.9,0.9,1.4,2,12,274.033333333333
0.9,0.9,1.4,2,13,341.666666666667
0.9,0.9,1.4,2,14,413.766666666667
0.9,0.9,1.4,2,15,494.233333333333
0.9,0.9,1.4,2,16,580.466666666667
0.9,0.9,1.4,2,17,673.766666666667
0.9,0.9,1.4,2,18,777.4
0.9,0.9,1.4,2,19,887.966666666667
0.9,0.9,1.4,2,20,999.7
0.9,0.9,1.4,2,21,1123.36666666667
0.9,0.9,1.4,2,22,1257.2
0.9,0.9,1.4,2,23,1395.46666666667
0.9,0.9,1.4,2,24,1544.2
0.9,0.9,1.4,2,25,1696
0.9,0.9,1.4,2,26,1849.13333333333
0.9,0.9,1.4,2,27,2011.5
0.9,0.9,1.4,2,28,2188.63333333333
0.9,0.9,1.4,2,29,2362.7
0.9,0.9,1.4,2,30,2541.83333333333
0.9,0.9,1.4,2,31,2710.26666666667
0.9,0.9,1.4,2,32,2863.16666666667
0.9,0.9,1.4,2,33,2987.26666666667
0.9,0.9,1.4,2,34,3092
0.9,0.9,1.4,2,35,3178.36666666667
0.9,0.9,1.4,2,36,3243.6
0.9,0.9,1.4,2,37,3276.06666666667
0.9,0.9,1.4,2,38,3279.8
0.9,0.9,1.4,2,39,3267.43333333333
0.9,0.9,1.4,2,40,3235.43333333333
0.9,0.9,1.4,2,41,3183
0.9,0.9,1.4,2,42,3114.76666666667
0.9,0.9,1.4,2,43,3029.36666666667
0.9,0.9,1.4,2,44,2931.23333333333
0.9,0.9,1.4,2,45,2821.9
0.9,0.9,1.4,2,46,2702.96666666667
0.9,0.9,1.4,2,47,2573.23333333333
0.9,0.9,1.4,2,48,2433.46666666667
0.9,0.9,1.4,2,49,2285.5
0.9,0.9,1.4,2,50,2131.83333333333
0.9,0.9,1.4,2,51,1976.46666666667
0.9,0.9,1.4,2,52,1809.8
0.9,0.9,1.4,2,53,1631.16666666667
0.9,0.9,1.4,2,54,1454.4
0.9,0.9,1.4,2,55,1268.53333333333
0.9,0.9,1.4,2,56,1091.2
0.9,0.9,1.4,2,57,919.066666666667
0.9,0.9,1.4,2,58,764.133333333333
0.9,0.9,1.4,2,59,626.8
0.9,0.9,1.4,2,60,501.2
0.9,0.9,1.4,2,61,390.033333333333
0.9,0.9,1.4,2,62,299.566666666667
0.9,0.9,1.4,2,63,225.533333333333
0.9,0.9,1.4,2,64,164.033333333333
0.9,0.9,1.4,2,65,116.766666666667
0.9,0.9,1.4,2,66,80.6333333333333
0.9,0.9,1.4,2,67,54.1
0.9,0.9,1.4,2,68,37.0333333333333
0.9,0.9,1.4,2,69,24.6666666666667
0.9,0.9,1.4,2,70,16.1
0.9,0.9,1.4,2,71,11.1
0.9,0.9,1.4,2,72,7.3
0.9,0.9,1.4,2,73,5.92857142857143
0.9,0.9,1.4,2,74,4.32142857142857
0.9,0.9,1.4,2,75,2.96428571428571
0.9,0.9,1.4,2,76,2.07692307692308
0.9,0.9,1.4,2,77,1.24
0.9,0.9,1.4,2,78,1.21052631578947
0.9,0.9,1.4,2,79,1
0.9,0.9,1.4,2,80,1
0.9,0.9,1.4,2,81,0.9
0.9,0.9,1.4,2,82,1
0.9,0.9,1.4,2,83,1
0.9,0.9,1.4,2,84,1.16666666666667
0.9,0.9,1.4,2,85,0.333333333333333
0.9,0.9,1.4,2,86,0.5
0.9,0.9,1.4,2,87,0
0.9,0.9,1.4,2.5,0,0
0.9,0.9,1.4,2.5,1,7.53333333333333
0.9,0.9,1.4,2.5,2,12.7666666666667
0.9,0.9,1.4,2.5,3,18.2333333333333
0.9,0.9,1.4,2.5,4,23.2
0.9,0.9,1.4,2.5,5,30.4
0.9,0.9,1.4,2.5,6,52.5
0.9,0.9,1.4,2.5,7,85.4
0.9,0.9,1.4,2.5,8,128.6
0.9,0.9,1.4,2.5,9,177.2
0.9,0.9,1.4,2.5,10,232.466666666667
0.9,0.9,1.4,2.5,11,302.266666666667
0.9,0.9,1.4,2.5,12,389.433333333333
0.9,0.9,1.4,2.5,13,492.466666666667
0.9,0.9,1.4,2.5,14,605.466666666667
0.9,0.9,1.4,2.5,15,723
0.9,0.9,1.4,2.5,16,856.833333333333
0.9,0.9,1.4,2.5,17,996.633333333333
0.9,0.9,1.4,2.5,18,1153.13333333333
0.9,0.9,1.4,2.5,19,1326.16666666667
0.9,0.9,1.4,2.5,20,1503.06666666667
0.9,0.9,1.4,2.5,21,1702.63333333333
0.9,0.9,1.4,2.5,22,1901.13333333333
0.9,0.9,1.4,2.5,23,2113.73333333333
0.9,0.9,1.4,2.5,24,2339.96666666667
0.9,0.9,1.4,2.5,25,2568.53333333333
0.9,0.9,1.4,2.5,26,2780.5
0.9,0.9,1.4,2.5,27,2975.06666666667
0.9,0.9,1.4,2.5,28,3152.26666666667
0.9,0.9,1.4,2.5,29,3301
0.9,0.9,1.4,2.5,30,3425.8
0.9,0.9,1.4,2.5,31,3513.66666666667
0.9,0.9,1.4,2.5,32,3571.6
0.9,0.9,1.4,2.5,33,3594.73333333333
0.9,0.9,1.4,2.5,34,3588.13333333333
0.9,0.9,1.4,2.5,35,3561.2
0.9,0.9,1.4,2.5,36,3508.83333333333
0.9,0.9,1.4,2.5,37,3433.86666666667
0.9,0.9,1.4,2.5,38,3337.73333333333
0.9,0.9,1.4,2.5,39,3230.5
0.9,0.9,1.4,2.5,40,3113.5
0.9,0.9,1.4,2.5,41,2981.3
0.9,0.9,1.4,2.5,42,2837.4
0.9,0.9,1.4,2.5,43,2681.6
0.9,0.9,1.4,2.5,44,2510.26666666667
0.9,0.9,1.4,2.5,45,2329.66666666667
0.9,0.9,1.4,2.5,46,2136.9
0.9,0.9,1.4,2.5,47,1933.63333333333
0.9,0.9,1.4,2.5,48,1727.06666666667
0.9,0.9,1.4,2.5,49,1503.53333333333
0.9,0.9,1.4,2.5,50,1279.96666666667
0.9,0.9,1.4,2.5,51,1069.83333333333
0.9,0.9,1.4,2.5,52,870.766666666667
0.9,0.9,1.4,2.5,53,690.4
0.9,0.9,1.4,2.5,54,536.133333333333
0.9,0.9,1.4,2.5,55,400.566666666667
0.9,0.9,1.4,2.5,56,291.5
0.9,0.9,1.4,2.5,57,202.566666666667
0.9,0.9,1.4,2.5,58,136.333333333333
0.9,0.9,1.4,2.5,59,90.5666666666667
0.9,0.9,1.4,2.5,60,58
0.9,0.9,1.4,2.5,61,37.3
0.9,0.9,1.4,2.5,62,24.9333333333333
0.9,0.9,1.4,2.5,63,17.4333333333333
0.9,0.9,1.4,2.5,64,12.0666666666667
0.9,0.9,1.4,2.5,65,8.53333333333333
0.9,0.9,1.4,2.5,66,5.96666666666667
0.9,0.9,1.4,2.5,67,3.93333333333333
0.9,0.9,1.4,2.5,68,2.72413793103448
0.9,0.9,1.4,2.5,69,1.96551724137931
0.9,0.9,1.4,2.5,70,1.69565217391304
0.9,0.9,1.4,2.5,71,1.5
0.9,0.9,1.4,2.5,72,1.4
0.9,0.9,1.4,2.5,73,1.15789473684211
0.9,0.9,1.4,2.5,74,1.4
0.9,0.9,1.4,2.5,75,0.666666666666667
0.9,0.9,1.4,2.5,76,0.875
0.9,0.9,1.4,2.5,77,0.571428571428571
0.9,0.9,1.4,2.5,78,1
0.9,0.9,1.4,2.5,79,0.5
0.9,0.9,1.4,2.5,80,1
0.9,0.9,1.4,2.5,81,1
0.9,0.9,1.4,2.5,82,1
0.9,0.9,1.4,2.5,83,1
0.9,0.9,1.4,2.5,84,0.5
0.9,0.9,1.4,2.5,85,1
0.9,0.9,1.4,2.5,86,0
0.9,0.9,1.4,3,0,0
0.9,0.9,1.4,3,1,5.63333333333333
0.9,0.9,1.4,3,2,11.4333333333333
0.9,0.9,1.4,3,3,16.5
0.9,0.9,1.4,3,4,21.2666666666667
0.9,0.9,1.4,3,5,31.0666666666667
0.9,0.9,1.4,3,6,50.9
0.9,0.9,1.4,3,7,83.6333333333333
0.9,0.9,1.4,3,8,126.9
0.9,0.9,1.4,3,9,184.733333333333
0.9,0.9,1.4,3,10,251.7
0.9,0.9,1.4,3,11,337.4
0.9,0.9,1.4,3,12,445.8
0.9,0.9,1.4,3,13,572.6
0.9,0.9,1.4,3,14,721.766666666667
0.9,0.9,1.4,3,15,883.433333333333
0.9,0.9,1.4,3,16,1063.96666666667
0.9,0.9,1.4,3,17,1260.76666666667
0.9,0.9,1.4,3,18,1476.03333333333
0.9,0.9,1.4,3,19,1712.03333333333
0.9,0.9,1.4,3,20,1958.06666666667
0.9,0.9,1.4,3,21,2215.06666666667
0.9,0.9,1.4,3,22,2478.03333333333
0.9,0.9,1.4,3,23,2733.2
0.9,0.9,1.4,3,24,2981.3
0.9,0.9,1.4,3,25,3193.86666666667
0.9,0.9,1.4,3,26,3369.33333333333
0.9,0.9,1.4,3,27,3503.56666666667
0.9,0.9,1.4,3,28,3599.36666666667
0.9,0.9,1.4,3,29,3672.9
0.9,0.9,1.4,3,30,3717.83333333333
0.9,0.9,1.4,3,31,3736.33333333333
0.9,0.9,1.4,3,32,3726.26666666667
0.9,0.9,1.4,3,33,3694.7
0.9,0.9,1.4,3,34,3643.13333333333
0.9,0.9,1.4,3,35,3577.73333333333
0.9,0.9,1.4,3,36,3492.93333333333
0.9,0.9,1.4,3,37,3388.2
0.9,0.9,1.4,3,38,3263.56666666667
0.9,0.9,1.4,3,39,3115.16666666667
0.9,0.9,1.4,3,40,2954.43333333333
0.9,0.9,1.4,3,41,2772.5
0.9,0.9,1.4,3,42,2576.23333333333
0.9,0.9,1.4,3,43,2361.16666666667
0.9,0.9,1.4,3,44,2129.66666666667
0.9,0.9,1.4,3,45,1885.43333333333
0.9,0.9,1.4,3,46,1631.43333333333
0.9,0.9,1.4,3,47,1378.33333333333
0.9,0.9,1.4,3,48,1130.5
0.9,0.9,1.4,3,49,892
0.9,0.9,1.4,3,50,678.533333333333
0.9,0.9,1.4,3,51,502.9
0.9,0.9,1.4,3,52,359.966666666667
0.9,0.9,1.4,3,53,253.766666666667
0.9,0.9,1.4,3,54,173.566666666667
0.9,0.9,1.4,3,55,112.466666666667
0.9,0.9,1.4,3,56,72.0666666666667
0.9,0.9,1.4,3,57,45.7333333333333
0.9,0.9,1.4,3,58,30.1
0.9,0.9,1.4,3,59,20.3
0.9,0.9,1.4,3,60,13.6333333333333
0.9,0.9,1.4,3,61,9.7
0.9,0.9,1.4,3,62,6.5
0.9,0.9,1.4,3,63,4.14285714285714
0.9,0.9,1.4,3,64,2.92857142857143
0.9,0.9,1.4,3,65,2
0.9,0.9,1.4,3,66,1.71428571428571
0.9,0.9,1.4,3,67,1.33333333333333
0.9,0.9,1.4,3,68,1
0.9,0.9,1.4,3,69,0.909090909090909
0.9,0.9,1.4,3,70,0.7
0.9,0.9,1.4,3,71,0.714285714285714
0.9,0.9,1.4,3,72,1
0.9,0.9,1.4,3,73,0.8
0.9,0.9,1.4,3,74,0.75
0.9,0.9,1.4,3,75,0.666666666666667
0.9,0.9,1.4,3,76,1
0.9,0.9,1.4,3,77,1
0.9,0.9,1.4,3,78,1
0.9,0.9,1.4,3,79,0.5
0.9,0.9,1.4,3,80,0
0.9,0.9,1.4,3.5,0,0
0.9,0.9,1.4,3.5,1,6.4
0.9,0.9,1.4,3.5,2,11.9333333333333
0.9,0.9,1.4,3.5,3,18.2333333333333
0.9,0.9,1.4,3.5,4,22.9333333333333
0.9,0.9,1.4,3.5,5,30.4666666666667
0.9,0.9,1.4,3.5,6,49.6
0.9,0.9,1.4,3.5,7,90.5
0.9,0.9,1.4,3.5,8,149
0.9,0.9,1.4,3.5,9,221.133333333333
0.9,0.9,1.4,3.5,10,304.233333333333
0.9,0.9,1.4,3.5,11,419.8
0.9,0.9,1.4,3.5,12,564.666666666667
0.9,0.9,1.4,3.5,13,745.333333333333
0.9,0.9,1.4,3.5,14,954.233333333333
0.9,0.9,1.4,3.5,15,1180.63333333333
0.9,0.9,1.4,3.5,16,1419.83333333333
0.9,0.9,1.4,3.5,17,1686.1
0.9,0.9,1.4,3.5,18,1981.03333333333
0.9,0.9,1.4,3.5,19,2287.6
0.9,0.9,1.4,3.5,20,2596.76666666667
0.9,0.9,1.4,3.5,21,2884.8
0.9,0.9,1.4,3.5,22,3144.33333333333
0.9,0.9,1.4,3.5,23,3359.86666666667
0.9,0.9,1.4,3.5,24,3524.1
0.9,0.9,1.4,3.5,25,3645
0.9,0.9,1.4,3.5,26,3722.86666666667
0.9,0.9,1.4,3.5,27,3767.83333333333
0.9,0.9,1.4,3.5,28,3789.3
0.9,0.9,1.4,3.5,29,3799.1
0.9,0.9,1.4,3.5,30,3799.2
0.9,0.9,1.4,3.5,31,3783.93333333333
0.9,0.9,1.4,3.5,32,3748.43333333333
0.9,0.9,1.4,3.5,33,3692
0.9,0.9,1.4,3.5,34,3618.76666666667
0.9,0.9,1.4,3.5,35,3530.7
0.9,0.9,1.4,3.5,36,3411.43333333333
0.9,0.9,1.4,3.5,37,3267.1
0.9,0.9,1.4,3.5,38,3086.2
0.9,0.9,1.4,3.5,39,2883.16666666667
0.9,0.9,1.4,3.5,40,2657.33333333333
0.9,0.9,1.4,3.5,41,2409.86666666667
0.9,0.9,1.4,3.5,42,2148.56666666667
0.9,0.9,1.4,3.5,43,1862.23333333333
0.9,0.9,1.4,3.5,44,1566.3
0.9,0.9,1.4,3.5,45,1267.13333333333
0.9,0.9,1.4,3.5,46,985.533333333333
0.9,0.9,1.4,3.5,47,731.733333333333
0.9,0.9,1.4,3.5,48,522.366666666667
0.9,0.9,1.4,3.5,49,356.466666666667
0.9,0.9,1.4,3.5,50,235.8
0.9,0.9,1.4,3.5,51,148.6
0.9,0.9,1.4,3.5,52,93.0333333333333
0.9,0.9,1.4,3.5,53,59.2666666666667
0.9,0.9,1.4,3.5,54,40.3
0.9,0.9,1.4,3.5,55,26.4666666666667
0.9,0.9,1.4,3.5,56,18.2
0.9,0.9,1.4,3.5,57,13.1
0.9,0.9,1.4,3.5,58,9.3
0.9,0.9,1.4,3.5,59,6.2
0.9,0.9,1.4,3.5,60,4.1
0.9,0.9,1.4,3.5,61,2.9
0.9,0.9,1.4,3.5,62,1.96551724137931
0.9,0.9,1.4,3.5,63,1.5
0.9,0.9,1.4,3.5,64,1.33333333333333
0.9,0.9,1.4,3.5,65,1.21428571428571
0.9,0.9,1.4,3.5,66,0.916666666666667
0.9,0.9,1.4,3.5,67,1
0.9,0.9,1.4,3.5,68,0.714285714285714
0.9,0.9,1.4,3.5,69,0.6
0.9,0.9,1.4,3.5,70,0.666666666666667
0.9,0.9,1.4,3.5,71,0.5
0.9,0.9,1.4,3.5,72,1
0.9,0.9,1.4,3.5,73,0
0.9,0.9,1.4,4,0,0
0.9,0.9,1.4,4,1,5.83333333333333
0.9,0.9,1.4,4,2,11
0.9,0.9,1.4,4,3,16.9333333333333
0.9,0.9,1.4,4,4,22.5666666666667
0.9,0.9,1.4,4,5,29.8666666666667
0.9,0.9,1.4,4,6,49.9333333333333
0.9,0.9,1.4,4,7,93.7666666666667
0.9,0.9,1.4,4,8,150.9
0.9,0.9,1.4,4,9,222.533333333333
0.9,0.9,1.4,4,10,312.066666666667
0.9,0.9,1.4,4,11,434.133333333333
0.9,0.9,1.4,4,12,601.066666666667
0.9,0.9,1.4,4,13,837.866666666667
0.9,0.9,1.4,4,14,1090.9
0.9,0.9,1.4,4,15,1363.96666666667
0.9,0.9,1.4,4,16,1664.36666666667
0.9,0.9,1.4,4,17,1981.63333333333
0.9,0.9,1.4,4,18,2328.76666666667
0.9,0.9,1.4,4,19,2669.26666666667
0.9,0.9,1.4,4,20,2981.86666666667
0.9,0.9,1.4,4,21,3234
0.9,0.9,1.4,4,22,3442.6
0.9,0.9,1.4,4,23,3589.93333333333
0.9,0.9,1.4,4,24,3691.23333333333
0.9,0.9,1.4,4,25,3756.2
0.9,0.9,1.4,4,26,3791.73333333333
0.9,0.9,1.4,4,27,3810
0.9,0.9,1.4,4,28,3816.63333333333
0.9,0.9,1.4,4,29,3817.46666666667
0.9,0.9,1.4,4,30,3811.56666666667
0.9,0.9,1.4,4,31,3789.36666666667
0.9,0.9,1.4,4,32,3749.5
0.9,0.9,1.4,4,33,3689.53333333333
0.9,0.9,1.4,4,34,3612.9
0.9,0.9,1.4,4,35,3514
0.9,0.9,1.4,4,36,3387.53333333333
0.9,0.9,1.4,4,37,3220
0.9,0.9,1.4,4,38,2993.76666666667
0.9,0.9,1.4,4,39,2740
0.9,0.9,1.4,4,40,2466.3
0.9,0.9,1.4,4,41,2173.23333333333
0.9,0.9,1.4,4,42,1859.7
0.9,0.9,1.4,4,43,1528.4
0.9,0.9,1.4,4,44,1206.26666666667
0.9,0.9,1.4,4,45,902.933333333333
0.9,0.9,1.4,4,46,650.333333333333
0.9,0.9,1.4,4,47,447.733333333333
0.9,0.9,1.4,4,48,297.4
0.9,0.9,1.4,4,49,188.966666666667
0.9,0.9,1.4,4,50,119.2
0.9,0.9,1.4,4,51,75.5333333333333
0.9,0.9,1.4,4,52,49.8333333333333
0.9,0.9,1.4,4,53,33.0333333333333
0.9,0.9,1.4,4,54,22.7333333333333
0.9,0.9,1.4,4,55,15.7666666666667
0.9,0.9,1.4,4,56,10
0.9,0.9,1.4,4,57,7.75862068965517
0.9,0.9,1.4,4,58,5.37931034482759
0.9,0.9,1.4,4,59,3.64285714285714
0.9,0.9,1.4,4,60,2.5
0.9,0.9,1.4,4,61,1.91304347826087
0.9,0.9,1.4,4,62,1.4
0.9,0.9,1.4,4,63,1
0.9,0.9,1.4,4,64,0.928571428571429
0.9,0.9,1.4,4,65,1.2
0.9,0.9,1.4,4,66,0.9
0.9,0.9,1.4,4,67,0.75
0.9,0.9,1.4,4,68,0.833333333333333
0.9,0.9,1.4,4,69,0.6
0.9,0.9,1.4,4,70,0.666666666666667
0.9,0.9,1.4,4,71,0.5
0.9,0.9,1.4,4,72,0
